num;Tamaina;k;Eraikitzailea;ILS;ILS time;ILS originala;ILS time originala
0;50;5;0.02515012073218067;0.03979225302354972;8.636995553970337;0.029321598070753442;9.293576717376709
1;50;5;0.008843100000061709;0.04030381437172677;8.579758882522583;0.03955961294120623;8.461056232452393
2;50;5;0.01715057243653153;0.04143307524888478;8.504935026168823;0.041581483577276306;8.617281198501587
3;50;5;0.015796076466388444;0.041486452880510005;8.657340288162231;0.03449614292616794;8.710713148117065
4;50;5;0.0025334319842471205;0.04002921268301894;8.64728045463562;0.03982495839321604;8.891470193862915
5;50;5;0.0009953539862600424;0.03910760004911977;8.505687475204468;0.038523531513474915;8.745827198028564
6;50;5;0.026607360929671732;0.03993418198625264;8.736344575881958;0.041005437113436405;8.821616888046265
7;50;5;0.007160933250808842;0.039613916196501266;9.130540132522583;0.04177000226469258;8.804312944412231
8;50;5;0.033632536042243;0.04062963390349695;9.443981170654297;0.04155340632595899;9.470004558563232
9;50;5;0.03161405935962886;0.0414441827329224;9.479389667510986;0.03910698296667323;9.67170763015747
10;50;5;0.006417040361511581;0.04120166933143436;9.147908449172974;0.040969646331537414;9.225276947021484
11;50;5;0.007196415491484571;0.040841601723881515;9.301760911941528;0.040333125787937144;9.655887365341187
12;50;5;0.007992143306290726;0.03948124347049636;9.313695907592773;0.04014337293562781;9.327446222305298
13;50;5;0.0008114634171927813;0.0409048526746513;9.468945741653442;0.04026493817759509;9.410139560699463
14;50;5;0.018235403377539063;0.04039668527993019;9.461783409118652;0.04149447495231495;9.551656007766724
15;50;5;0.022088774714923338;0.040228530313249564;9.44144892692566;0.04040563297540495;9.383355855941772
16;50;5;0.025973925798304136;0.04143307524888478;9.611215829849243;0.04045407394745789;9.172191858291626
17;50;5;0.011136486912606934;0.03992862824423382;9.246880054473877;0.040118998178989694;9.356531858444214
18;50;5;0.005723748232830144;0.039772506385260614;9.421326875686646;0.039772506385260614;9.497345209121704
19;50;5;0.0008534250235571225;0.04146824894833725;9.400192975997925;0.040122392132445645;9.396462678909302
20;50;5;0.00727509350341771;0.04107023077032253;9.1622793674469;0.039173627870898946;9.27895998954773
21;50;5;0.006412412243162573;0.04099062713471959;9.193957328796387;0.03928994791207069;9.21134328842163
22;50;5;0.014243188489684543;0.04044018959241087;9.216104984283447;0.04145066209861101;9.395617008209229
23;50;5;0.0320429316599703;0.041708911102485674;9.332449197769165;0.038140323314177035;9.130036115646362
24;50;5;0.014296566121309771;0.04152378636852534;9.506506443023682;0.03817919950830872;9.465222835540771
25;50;5;0.004062562286759447;0.04066912718007514;9.575997114181519;0.04001131729206944;9.077486038208008
26;50;5;0.0025485505041872134;0.04121555368648139;9.431342601776123;0.04083944193531865;9.301447629928589
27;50;5;0.01811044418211584;0.04048523661100789;9.469079971313477;0.03961329911405473;9.364841222763062
28;50;5;0.009490728027699596;0.04096594383685821;9.378151416778564;0.0401763868465174;9.401531457901001
29;50;5;0.004029856917093123;0.041091828655951235;9.379370927810669;0.0387015597993001;9.09563136100769
30;50;5;0.009652403628691618;0.039826501099332376;9.786586284637451;0.040276662744079254;9.448096990585327
31;50;5;0.008794659028008755;0.04174315917826834;9.427204608917236;0.04014090460584167;9.4162757396698
32;50;5;0.025014979676389625;0.04024642570419906;9.37198519706726;0.038224246526905724;9.161506652832031
33;50;5;0.011948258871022983;0.04005019348620112;10.473667621612549;0.03946026266731419;10.314171552658081
34;50;5;0.011094216765019324;0.04103968518921907;10.0862717628479;0.03891784719681042;11.503297567367554
35;50;5;0.030452093112804526;0.04175889478065496;10.374459266662598;0.03991443534796354;10.410840034484863
36;50;5;0.02994639404786955;0.040889425613487934;10.87291955947876;0.03802801430890777;10.453165769577026
37;50;5;0.011216399089433143;0.040345158895644564;10.161075592041016;0.04086412523318003;10.031703233718872
38;50;5;0.01570474826430135;0.04004124579072636;9.845492601394653;0.041175134786233386;9.713852167129517
39;50;5;0.02907383946846986;0.04115847356017696;9.686992645263672;0.0396126820316082;9.551239252090454
40;50;5;0.016517137305163933;0.03997984608729619;9.771213054656982;0.04041118671742375;10.116941928863525
41;50;5;0.018081441307128722;0.04006500346491794;9.96081805229187;0.039989719406440735;10.364585161209106
42;50;5;0.01175974018360671;0.03951302321649289;9.803257942199707;0.039805520296150206;9.914215564727783
43;50;5;0.007207831516745458;0.040749656439347894;10.162308692932129;0.04028067377998173;9.959802627563477
44;50;5;0.007264603101826627;0.039683337971736385;10.146496534347534;0.0375016429820139;9.959021091461182
45;50;5;0.029800145508040894;0.04188601376464106;10.163838863372803;0.03896875649864952;9.83723258972168
46;50;5;0.007941234004451632;0.040181940588536205;10.976869344711304;0.04007487678406249;11.264325618743896
47;50;5;0.030574583978441604;0.04168762175808024;9.372941255569458;0.04029949479460103;9.212281227111816
48;50;5;0.022887279400738897;0.04161819998284511;9.362284421920776;0.03935597573384987;9.189093112945557
49;50;5;0.02889241722918874;0.040691342148150386;11.227353572845459;0.041742542095821795;10.037586212158203
50;100;5;-0.008250083768942115;0.060226629699314235;12.751320600509644;0.060665375318800216;13.636909246444702
51;100;5;0.004474773361044451;0.0631710385929533;12.479711532592773;0.06300473487361226;12.975496053695679
52;100;5;0.028114893346555356;0.06326113263014732;12.566832780838013;0.06362058315525362;13.045663595199585
53;100;5;0.004292425498093524;0.061990868413956186;13.122849225997925;0.06428703219751081;12.288849592208862
54;100;5;0.01940878564962429;0.06333765085351759;13.060177326202393;0.0630466964799766;12.428856134414673
55;100;5;0.04836167695857341;0.06532342216646539;11.825258016586304;0.06436817853923009;11.620855569839478
56;100;5;0.04460765589508117;0.06490102923181257;12.14551591873169;0.0636998782496333;12.281567335128784
57;100;5;0.007785729227924956;0.06403341131198517;11.61488652229309;0.064769899211924;12.236166954040527
58;100;5;0.000421775852206287;0.06201586025304083;11.651322364807129;0.06301615089887314;11.515370607376099
59;100;5;0.031007158773462246;0.06332314941602403;12.090421438217163;0.06152466262559942;12.574003458023071
60;100;5;0.013215437674981442;0.06183814050843891;11.76748251914978;0.06293006789758158;11.786224126815796
61;100;5;0.03071188482279552;0.06529102533802233;11.855214357376099;0.05863054595135292;11.98645806312561
62;100;5;-0.005168991113395687;0.062255288242296196;11.525960683822632;0.06243547631668424;11.906480312347412
63;100;5;0.0009561692509051055;0.06281590764497272;11.749956369400024;0.062901682105041;12.127675294876099
64;100;5;0.026646545665026666;0.06422655811775044;12.46060824394226;0.05911403004821264;12.09434461593628
65;100;5;0.010189882439623111;0.06554279497620838;11.902170658111572;0.06290723584705982;12.802706241607666
66;100;5;0.03744857389161194;0.06467641122127403;12.607483386993408;0.051923168298746894;12.396355152130127
67;100;5;0.04690659654964521;0.06426574285310538;12.16303563117981;0.05806529843032738;12.463348388671875
68;100;5;0.0077690680018685275;0.06402384653406387;12.283588647842407;0.06299455301324444;12.279901266098022
69;100;5;0.02699766557710476;0.06418552213505589;12.255565404891968;0.06405500919761387;12.157867193222046
70;100;5;0.01592628086260721;0.06459341363221516;12.134803056716919;0.06390228129209659;12.078008890151978
71;100;5;0.03151810303919276;0.06381897516181445;11.90933108329773;0.06029420022720976;11.868278741836548
72;100;5;0.0034096890583260155;0.06274062358649553;11.727586269378662;0.06356134324038631;11.78812837600708
73;100;5;0.03405955709524483;0.06491491358685961;11.72864294052124;0.06260363128336488;11.875197887420654
74;100;5;0.005120550141342737;0.06499636846980214;11.708581686019897;0.06252803868366441;11.759336948394775
75;100;5;0.0009972052335996454;0.060809155528842744;11.656872749328613;0.06360021943451799;11.85253095626831
76;100;5;0.028998863951215932;0.06378688687459465;11.770734786987305;0.06201184921713835;11.783457279205322
77;100;5;0.01679420732365789;0.06406549959920495;12.251444816589355;0.06175298313081717;12.07040286064148
78;100;5;-0.00926209898125859;0.05985946564362625;12.862544775009155;0.06100291941705456;12.483079671859741
79;100;5;0.013937732678649997;0.06391092044634808;14.448676824569702;0.06296832700926673;12.738132953643799
80;100;5;0.035494890865883914;0.06604787695869682;13.119420289993286;0.057674068159224545;14.940516233444214
81;100;5;0.041370441380561535;0.06386031968573225;11.736726999282837;0.06367612057544172;13.32974648475647
82;100;5;0.008288959963073786;0.060070199299117756;11.746387243270874;0.059238372161189344;11.60368537902832
83;100;5;0.0007269231220175636;0.06315160049588746;11.74162483215332;0.06438669101262612;11.681082725524902
84;100;5;-0.002764220819250997;0.061148859415659944;11.605386972427368;0.06639961395322144;11.703127384185791
85;100;5;0.023851470723448946;0.06435707105519248;11.645882368087769;0.06093072077081002;11.796824932098389
86;100;5;0.019554417107006415;0.060925167028791215;11.549264907836914;0.06157649755110832;11.478927373886108
87;100;5;-0.007433066609730525;0.06437527498736524;11.506732702255249;0.06259653483522973;11.5082266330719
88;100;5;0.014850089075851156;0.06303096087758998;11.817607402801514;0.06482019143131657;12.186404705047607
89;100;5;0.010870524378150592;0.062329955218326856;11.45442271232605;0.06183196968397356;11.648592472076416
90;100;5;0.00572436531527668;0.06034387536415578;12.123398065567017;0.06121858973211834;11.49572467803955
91;100;5;-0.004649716234636959;0.06251230308127778;11.538722515106201;0.06464370585160771;12.12863302230835
92;100;5;0.004239047866468295;0.06085296838254669;11.403452157974243;0.0619060195775577;11.622577905654907
93;100;5;0.005315239653224349;0.06180728638611219;11.554687738418579;0.0652780666066451;11.532374620437622
94;100;5;0.0016136705976875468;0.060955095527448135;12.238839864730835;0.05982336632050399;11.631885766983032
95;100;5;0.034020063818666624;0.06365606539592936;13.242323398590088;0.06412998471486779;12.749714136123657
96;100;5;0.032959916175520465;0.06534193463986143;13.25802493095398;0.06019454141209446;12.361204624176025
97;100;5;0.03379883976158403;0.0637816416737991;11.80115818977356;0.061128495694924304;12.407441139221191
98;100;5;0.014583818000171549;0.06311673533765827;12.545833587646484;0.06538667311723517;12.278532981872559
99;100;5;0.004284711967511844;0.06523332812927136;11.85110330581665;0.06311056451319291;12.552804231643677
100;200;5;0.056629039036018486;0.20864359724509712;18.37459111213684;0.20057678696277575;18.542757987976074
101;200;5;0.009902013478314795;0.20648843680057563;19.285853385925293;0.20749489827087328;18.428446292877197
102;200;5;0.06365976789060857;0.20948190374871414;18.675978183746338;0.20195658331322672;19.195407152175903
103;200;5;0.019109192121831823;0.20363566465024688;19.80242609977722;0.21063399667639396;19.748587369918823
104;200;5;-0.0035290945117304314;0.20147587608737638;20.089592695236206;0.19627880772266337;19.057278394699097
105;200;5;-0.01768589145890015;0.20295995937129171;20.02147364616394;0.19375617468123063;20.553611516952515
106;200;5;-0.0019700357105611847;0.19883106072152984;18.107843160629272;0.2041496943282101;19.356630563735962
107;200;5;0.028812813593585805;0.20766613864978659;18.199038982391357;0.21062628314581228;17.96636414527893
108;200;5;0.00662222027498428;0.19657963541534892;17.99552297592163;0.20089705275252712;18.018274068832397
109;200;5;0.006779576298850565;0.19386015307347165;18.13631844520569;0.2108715734183097;17.965499877929688
110;200;5;0.006671895411930303;0.2064649876676073;18.013892889022827;0.20623759278605935;18.14096975326538
111;200;5;0.10940408965220617;0.20979167913687444;18.318251371383667;0.19952990659223008;18.166915893554688
112;200;5;0.09474899862945989;0.21792883681810074;20.11586880683899;0.20021795352011595;18.73289680480957
113;200;5;0.050630072032033985;0.2067078096103186;19.827885627746582;0.20676427265417652;19.516090393066406
114;200;5;0.02014774187934928;0.20223488749661378;18.0360906124115;0.2039392692139419;18.298909664154053
115;200;5;-0.01839461064874495;0.19995600202156208;18.050655126571655;0.20598273773564066;18.10211944580078
116;200;5;0.06161136270933751;0.21080585413775377;18.28282880783081;0.19915379484106732;18.390560388565063
117;200;5;0.09705318448481948;0.211078604579122;18.309174060821533;0.20267610144588588;18.57680034637451
118;200;5;0.020811722591820323;0.2051614009993033;19.146259784698486;0.21376661571622596;18.43510937690735
119;200;5;0.015294388437355953;0.20582476462932786;20.806901693344116;0.19286202221620224;19.287622451782227
120;200;5;0.09150437912558182;0.21063553938251028;19.11427140235901;0.20511943939293897;19.77349352836609
121;200;5;0.0012418784236505496;0.20290812444578285;18.51305627822876;0.205607860149371;20.08581781387329
122;200;5;0.09927529837478996;0.21096598703262948;19.522385358810425;0.20123274560344184;18.508041620254517
123;200;5;0.012313263138148099;0.1968304794298652;21.224191904067993;0.21064356145431523;21.694698095321655
124;200;5;0.005196759823489736;0.20809130845544882;23.64572525024414;0.19877274643033233;20.25452470779419
125;200;5;0.13617436034776298;0.20800337420681764;25.969382286071777;0.21068305473089344;34.454548358917236
126;200;5;0.08722738068865167;0.20920205685921078;24.19683051109314;0.20757295920035984;29.005879878997803
127;200;5;0.14335750856664706;0.21635219116720528;21.327293634414673;0.20348201112105982;23.795574426651
128;200;5;0.029284881665184642;0.19823249074839142;19.00977325439453;0.20416542993059675;19.06405234336853
129;200;5;0.01460387317968392;0.20518824408572753;18.21825671195984;0.1948718597445649;18.511942386627197
130;200;5;0.04365210372662261;0.20538015672659973;20.185904264450073;0.2047152503904589;17.851361751556396
131;200;5;0.1188087346786142;0.21230999260118147;21.350585222244263;0.195210329466489;23.45622944831848
132;200;5;0.05199382423887509;0.2062551796357856;20.75706672668457;0.20255206787413246;20.304016828536987
133;200;5;0.06512718994846745;0.21122577874262047;23.713416576385498;0.2037418028310508;19.891989707946777
134;200;5;0.019271484805270373;0.20078042417013212;20.308786153793335;0.2055927416294309;20.140085220336914
135;200;5;0.12853241132988052;0.21641173962329585;20.819446086883545;0.20597039608670994;19.637561082839966
136;200;5;0.05535908336105062;0.20814622879319036;20.958999156951904;0.2026541950190339;18.654637813568115
137;200;5;-0.006081347510596846;0.2024301940909419;20.22430944442749;0.2033280490506495;20.150578022003174
138;200;5;-0.0003785800809488751;0.20145674653153384;19.57102656364441;0.19364602546452425;20.387608528137207
139;200;5;0.06298714802388602;0.20879015432614906;18.43002939224243;0.19641610856701727;17.82941222190857
140;200;5;0.017525141481577924;0.20626381879003705;18.245084285736084;0.2007967768549653;18.447645902633667
141;200;5;0.03484325180234356;0.20466033005271733;18.67118000984192;0.2033317515453287;18.3560893535614
142;200;5;0.03810268128493844;0.19511283043993657;18.471288442611694;0.20082269431771974;18.785073041915894
143;200;5;0.014535685569341867;0.20778400139707465;18.297593593597412;0.20473653973486436;18.666601419448853
144;200;5;-0.019906771183977573;0.2062064301225094;18.475749492645264;0.20860379542729568;18.276233196258545
145;200;5;0.07904764431861447;0.211266814725315;18.61232876777649;0.20307813065980304;18.099780559539795
146;200;5;0.03891630449069408;0.20569178336209964;18.858648538589478;0.2003117500519892;18.502530336380005
147;200;5;0.11994447492146082;0.21200484533137018;18.382904052734375;0.20172486885455307;18.20122718811035
148;200;5;0.0332033552006783;0.19702486040052353;18.329210996627808;0.20402967179235915;18.185357570648193
149;200;5;0.13474056928324024;0.21462744572914152;18.76603078842163;0.19088118756282668;18.343801975250244
150;50;5;0.016714140876220047;0.03546696788517824;9.52464246749878;0.036328414980540305;8.8737473487854
151;50;5;0.029791043541954505;0.03590509642221769;9.206747055053711;0.03560334310586235;8.626426458358765
152;50;5;0.00983583138592398;0.03524821215788178;9.760946989059448;0.036011851685468145;8.637985706329346
153;50;5;0.004462585982725394;0.03511677359676995;13.603208780288696;0.03670606943781938;12.389976978302002
154;50;5;0.034474699311150866;0.036695270495005025;14.414323329925537;0.0347567059892171;8.880434513092041
155;50;5;0.0044986853058476585;0.036514156796947174;11.141643762588501;0.03547838391043912;9.150335550308228
156;50;5;0.006800711372644364;0.0340847032049411;14.107998371124268;0.035584213550019776;12.715523719787598
157;50;5;0.003636621128039054;0.03503254184281799;13.809107542037964;0.03475146078842156;9.590360164642334
158;50;5;0.005250600266949868;0.035133434822826375;9.45734715461731;0.034792805312339366;10.171489715576172
159;50;5;0.0027190195300423508;0.035710098369112805;14.004720211029053;0.03661751810674169;14.697434663772583
160;50;5;0.02208368378473943;0.03576995536642664;14.514185905456543;0.03402114371294806;14.012343168258667
161;50;5;0.008379516812102715;0.03441422523139049;8.907329320907593;0.034451250178182555;12.954816102981567
162;50;5;0.03444970747206622;0.036828560303456465;14.918486595153809;0.03535774429214164;8.851784467697144
163;50;5;0.019106260980210784;0.035784148262696935;13.954170227050781;0.03530529228418621;9.723318099975586
164;50;5;0.017485802475611358;0.03549473659527229;13.61443042755127;0.035165831651269436;14.13501787185669
165;50;5;0.02736652660952072;0.03522383740124367;14.029197692871094;0.034344186373708833;14.059139013290405
166;50;5;0.009120015747944037;0.035804820524655834;13.89567756652832;0.03361818887536107;13.579468727111816
167;50;5;0.01909330224883356;0.03522815697836941;14.1023530960083;0.035172311016958044;7.935762405395508
168;50;5;0.009074351646900486;0.03517632205286052;13.965682744979858;0.03623986364946261;13.828321695327759
169;50;5;0.004468756807190739;0.035085610933219956;15.619378805160522;0.03680634533538123;8.981903553009033
170;50;5;0.009078671224026228;0.03590571350466422;14.915419340133667;0.03579988386508356;14.30622935295105
171;50;5;0.030650022307530445;0.03585943232117413;14.364825010299683;0.03554410319099504;8.8347647190094
172;50;5;0.008309786495644324;0.03680634533538123;12.04819107055664;0.03705441247888806;16.69325542449951
173;50;5;0.01676690142539874;0.03631915874384229;10.838849067687988;0.03654130842459468;14.001155138015747
174;50;5;0.017633593721556356;0.03601432001525428;14.447181224822998;0.03463976886559883;15.85750126838684
175;50;5;0.013110070847235688;0.03548671452346734;13.497703552246094;0.03654130842459468;13.762006044387817
176;50;5;0.027321788132146974;0.03680048305213915;20.13318395614624;0.03447778472338354;14.515873193740845
177;50;5;0.028273946347149602;0.03667305552692979;14.094676971435547;0.034680496307070104;14.680432558059692
178;50;5;0.01675517685891459;0.035897074350412735;13.648071765899658;0.035235253426504555;13.492265939712524
179;50;5;0.009801274768918051;0.035862826274630076;13.34007978439331;0.035188663701791204;13.85601019859314
180;50;5;0.019102558485531575;0.03506864116594026;13.594123363494873;0.036324095403414566;13.625659942626953
181;50;5;0.01597456756404853;0.035633580145742534;14.99880599975586;0.03564437908855688;13.952651262283325
182;50;5;0.030524137488437415;0.03669002529420949;14.961380958557129;0.03592947117885579;9.72546672821045
183;50;5;0.015216173237257711;0.03639536842598929;15.553204774856567;0.03669002529420949;15.14842963218689
184;50;5;0.03290237323738113;0.03680048305213915;10.852373838424683;0.03532226205146591;20.828494548797607
185;50;5;0.002937775257338807;0.036275345890138345;11.14283537864685;0.03639536842598929;10.634117603302002
186;50;5;0.007610015001274275;0.03680634533538123;15.6924569606781;0.03593502492087461;14.598814487457275
187;50;5;0.012277009544414201;0.03538181050755648;15.829522609710693;0.035855421285271666;16.254334926605225
188;50;5;0.025735886244553478;0.03498934607156058;10.333617925643921;0.03621610597527104;16.558279752731323
189;50;5;0.032777105500734635;0.0360433228902414;18.48386812210083;0.021812167508264278;16.15723180770874
190;50;5;0.0060833530285480854;0.03677641683672431;14.545602560043335;0.035647773042012824;8.939626455307007
191;50;5;0.005280837306830053;0.03607078305911218;8.663874864578247;0.03384280688589961;19.843911170959473
192;50;5;0.005219746144623145;0.03469160379110772;17.250391483306885;0.0352978872948278;13.511555671691895
193;50;5;0.004482332621014497;0.03474806683496562;19.141619205474854;0.03461662827385379;10.35331916809082
194;50;5;0.007651050983968816;0.03668200322240454;14.111533164978027;0.03386255352418871;14.13523244857788
195;50;5;0.022968888554293073;0.034936585522381894;8.891565084457397;0.035977603609685486;14.441217422485352
196;50;5;0.017047365397348645;0.03601432001525428;9.800109386444092;0.03527011858473375;14.699702024459839
197;50;5;0.0243107343342822;0.03513929710606845;14.152498483657837;0.036001361283877056;14.339864492416382
198;50;5;0.03368421669714025;0.036682003222404544;8.77604055404663;0.034655813009208725;14.375365734100342
199;50;5;0.007533496777904006;0.034636991994589424;8.809248447418213;0.03588349853658898;8.56503176689148
200;100;5;0.03523926446240703;0.06698815633660367;11.04940938949585;0.0654368110660161;10.893120288848877
201;100;5;0.008190998124686447;0.06842441573091257;11.165251016616821;0.06864070312842288;10.806653261184692
202;100;5;0.01287125994042686;0.0664136525788801;11.59307861328125;0.06689898792307944;11.980165004730225
203;100;5;0.012958577106611484;0.06714551236046994;11.96607255935669;0.06544575876149084;11.505796432495117
204;100;5;-5.785147936260282e-05;0.06762313417408759;12.106604814529419;0.06839942389182792;11.983629703521729
205;100;5;0.034377817367044955;0.06852808558193034;12.57687258720398;0.06742319946141044;12.368700981140137
206;100;5;-0.0047347193416470805;0.06812605636801317;12.051875829696655;0.06409403966235716;12.275538444519043
207;100;5;0.002914017583147231;0.06711805219159916;12.569632530212402;0.0663355916493935;12.24331283569336
208;100;5;0.02191583735928206;0.06836980393439426;12.837182998657227;0.06783726178303505;12.477539777755737
209;100;5;0.0087457552441209;0.06834882313121209;12.363616466522217;0.06642753693392714;12.397074222564697
210;100;5;-0.0057874619954348255;0.06652781283148898;12.77399730682373;0.0671007738830962;12.481136322021484
211;100;5;-0.005291019167197872;0.06804737835608002;13.170053005218506;0.06445719268214267;12.311894416809082
212;100;5;-0.003890242013564706;0.06831735192643884;13.371071100234985;0.06445163894012387;12.886436700820923
213;100;5;0.037714999237903175;0.06911215411757518;12.58397626876831;0.06842719260192197;13.049295663833618
214;100;5;0.005454546015529497;0.06775611544131577;12.489121913909912;0.06366331611467614;12.461034297943115
215;100;5;0.032952356915550415;0.06757716153182078;12.814966440200806;0.0651430798214657;12.595265626907349
216;100;5;-0.0036202684432058907;0.0673445214494773;14.966327905654907;0.06656699756684392;13.134565353393555
217;100;5;0.009368082891450878;0.06716772732854519;13.042954683303833;0.06802547192922805;12.909062147140503
218;100;5;0.010024658614563515;0.06881502891956885;13.151459455490112;0.06788971379099047;12.59941577911377
219;100;5;0.02982991973608618;0.06664073891920479;13.039209604263306;0.06828588072166558;12.553712129592896
220;100;5;0.007946016393412277;0.06804398440262409;13.074755430221558;0.06567778176138779;12.728973150253296
221;100;5;0.017404347592668814;0.06733002001198374;12.855932474136353;0.06823188600759382;12.570404767990112
222;100;5;0.015578400633373422;0.0666339510122929;12.54361081123352;0.06473148582962725;12.110188245773315
223;100;5;0.025941066158026174;0.0664278454751504;12.217406749725342;0.06560835998615266;12.35395359992981
224;100;5;0.014717262079234619;0.0682988394530428;12.516991138458252;0.0666037139724127;12.507925987243652
225;100;5;0.002279039745663299;0.06785947675111029;12.4966402053833;0.06730718796146197;12.74578309059143
226;100;5;0.0029420948344645484;0.06867217433319614;12.965027332305908;0.06820997958074185;12.616413593292236
227;100;5;0.0052762091884810455;0.0669718036517705;13.303738594055176;0.0680316427536934;13.336171865463257
228;100;5;0.0037427593088429764;0.06886562968018468;12.740830659866333;0.06475030684424654;14.168519735336304
229;100;5;0.01633586933649444;0.06909055623194647;12.866305351257324;0.06763701852913462;12.540873527526855
230;100;5;0.007810566796397966;0.06786657319924544;12.80875563621521;0.06526063402753052;13.350194692611694
231;100;5;-0.0002627228516120354;0.06723128682053824;12.528562068939209;0.06733557375400255;12.371696472167969
232;100;5;0.00465604132971394;0.06828618926288885;12.484266519546509;0.06622544243268712;12.683153867721558
233;100;5;0.002973257498014538;0.06852037205134867;12.458802938461304;0.06624580615342274;12.78793215751648
234;100;5;0.025075299485538365;0.06766818119268461;12.435519933700562;0.06484595462345936;12.33121943473816
235;100;5;0.003585403284976699;0.06903872130643758;12.238822937011719;0.06730626233779216;12.403770685195923
236;100;5;0.00921813185694301;0.0672072206051234;13.539994478225708;0.06905353128515442;13.528664588928223
237;100;5;0.015468559957890293;0.06540348861390324;15.843155145645142;0.06531740561261168;12.912570714950562
238;100;5;0.014508071129859447;0.06872123238769563;13.228485345840454;0.06775148732296676;13.393136501312256
239;100;5;0.00059934132619657;0.06567747322016453;16.65952491760254;0.06453062549328029;14.022271394729614
240;100;5;-0.002928519020640791;0.06851852080400907;12.89689016342163;0.06313632770533573;13.23689603805542
241;100;5;0.02666027574946206;0.06739357950397679;12.68739104270935;0.06704276813312196;12.639149904251099
242;100;5;0.01384902707696067;0.06732631751730453;12.328149557113647;0.06731551857449018;13.330082178115845
243;100;5;0.006177766642867853;0.06755155261028961;12.46789002418518;0.06788847962609741;13.323806047439575
244;100;5;0.009234484541776174;0.0688560649022634;12.334255695343018;0.06737444994813421;12.663061380386353
245;100;5;0.02087944739032748;0.06838121995965514;12.498162031173706;0.06325480753507035;12.416370153427124
246;100;5;0.006177766642867854;0.0670245642009492;13.387335538864136;0.06627851152308907;12.665896654129028
247;100;5;0.005227768216428091;0.06788971379099047;12.117095947265625;0.06286758829986998;13.134291410446167
248;100;5;0.0344592722499875;0.06911894202448707;12.464669704437256;0.06503262206353604;12.634285688400269
249;100;5;0.004601120991972376;0.06891962439425645;12.097375392913818;0.06732045523406245;12.059152126312256
250;200;5;0.1523746258166315;0.22538010736000405;20.652078866958618;0.21439141169334208;18.99911618232727
251;200;5;0.06901234103184825;0.2231536738929078;20.55016589164734;0.2117441279977094;20.286150217056274
252;200;5;0.025941837511084344;0.210437764458396;20.61607050895691;0.21157350470124264;20.602545261383057
253;200;5;0.1286910015186399;0.22284050455129156;20.59109139442444;0.21311867914736485;20.552326679229736
254;200;5;0.1311466811146237;0.22728473233123261;21.275819063186646;0.19919267103519903;20.349595308303833
255;200;5;0.09776190367466428;0.22011423430250243;21.591917514801025;0.2220367546646805;20.605518102645874
256;200;5;0.10161990313039754;0.22807367223912683;21.16215443611145;0.21658298000220913;21.888773918151855
257;200;5;0.02496931557534607;0.2130646844332931;20.74574637413025;0.20623728424483606;20.952552556991577
258;200;5;0.08876823555764814;0.22022253227186925;21.790244102478027;0.21445867368001437;20.388585567474365
259;200;5;0.14221467187566528;0.22765004513958095;20.841558694839478;0.21536146529929426;24.53124475479126
260;200;5;-0.017907115515982744;0.20522280070273347;22.113429307937622;0.22088928985534972;20.434268712997437
261;200;5;0.07409679185006872;0.22173530988954843;22.253386735916138;0.21559348829919117;22.405263900756836
262;200;5;-0.01713977349371718;0.21776222455753647;21.824779272079468;0.21456512040204156;20.908830404281616
263;200;5;-0.026472528415103953;0.2174934851520707;20.16856098175049;0.21498381084201515;21.489377975463867
264;200;5;0.09341363221515936;0.21811982383530315;19.4014630317688;0.2190219983721365;19.219014406204224
265;200;5;0.15751985925583556;0.22574912266303165;19.433570623397827;0.21341148476824542;19.04067635536194
266;200;5;-0.0044630487945602915;0.21710657445809362;19.156984329223633;0.21845582522744117;19.053016185760498
267;200;5;0.10577965590248616;0.21820189580069224;21.263436794281006;0.21575485535895994;20.331271409988403
268;200;5;0.058855781044337994;0.2132893024438316;22.26948356628418;0.2179689471771255;21.055959224700928
269;200;5;0.09845087622621995;0.22477567510362356;21.017059564590454;0.21213535826881222;22.076269149780273
270;200;5;0.12090712353805455;0.22467941024196422;22.203089952468872;0.2214054793218758;20.428045988082886
271;200;5;0.1274457291415334;0.2247491405584226;20.897207021713257;0.2159970602192247;22.341992139816284
272;200;5;0.1024372288308324;0.2228056393930624;20.600611448287964;0.20867198303763773;20.272735357284546
273;200;5;0.047442224113237105;0.21909543118327413;20.6404550075531;0.21812846298955466;20.422058582305908
274;200;5;0.09767520359092616;0.21889981604772268;20.01034188270569;0.21688905289569022;22.098159551620483
275;200;5;0.11989449124329155;0.22804652061147934;20.040082693099976;0.21551542736970458;19.531782627105713
276;200;5;0.08714191476980665;0.22099419387126054;19.463975429534912;0.21648825784666612;19.372514724731445
277;200;5;0.14418409050377995;0.2256334197043064;19.648217916488647;0.20822305555778392;19.403432846069336
278;200;5;0.06919036931767343;0.22113673991641;19.409616231918335;0.21113383345808684;19.494390964508057
279;200;5;0.022227001182947043;0.21434451342740551;19.304746389389038;0.20098128450647904;19.383156538009644
280;200;5;0.12515018244042533;0.22531315391455506;19.565560579299927;0.2111973929500799;19.490679025650024
281;200;5;0.1032258601975034;0.22309073148336128;19.88511323928833;0.21676162537048088;19.527831554412842
282;200;5;0.05365470164372252;0.21554103629123575;22.118284463882446;0.20951584328327355;19.95671796798706
283;200;5;0.08292539041263687;0.213425986205739;19.53016710281372;0.21716828270274707;21.416370153427124
284;200;5;-0.004506553107040973;0.215155668303375;19.430782079696655;0.22024073620404203;19.684418201446533
285;200;5;0.03244310962654788;0.21164261793525446;27.17525887489319;0.20682382111026706;23.805118799209595
286;200;5;-0.008364552562774257;0.21642624106078942;20.166929721832275;0.21584248106636786;21.25279188156128
287;200;5;0.08104082062092069;0.22258626658331943;19.58543086051941;0.2132896109850549;19.85383129119873
288;200;5;0.011186162049552953;0.20884846861734657;19.831894874572754;0.21773353022377262;19.57304048538208
289;200;5;-0.020336260566765543;0.21997569929325547;19.73836851119995;0.21668850110056656;19.78022265434265
290;200;5;0.06748321072933591;0.22693854907872674;19.875835180282593;0.21470982623575388;19.946231603622437
291;200;5;0.05169453925230588;0.22568587171226184;19.779003143310547;0.20914713652146924;19.710634231567383
292;200;5;0.08276032085818891;0.22717797706798212;19.844295740127563;0.2141902428157719;19.7698495388031
293;200;5;0.0648735690629418;0.2195631796777472;19.983471870422363;0.20721844533482586;19.48987054824829
294;200;5;0.15043205027494105;0.22924150076919328;19.91641330718994;0.2124374201263908;19.995288610458374
295;200;5;0.11519509987170856;0.22165755750128507;19.86463761329651;0.21100794863899378;19.812082529067993
296;200;5;0.0869043380278909;0.21973843109256297;19.627313375473022;0.217524956356844;19.701201915740967
297;200;5;0.11284093033817968;0.22470347645737904;19.688621997833252;0.21004807689340949;19.61467957496643
298;200;5;0.05596505832354744;0.22025153514685636;19.428505420684814;0.21547531701067987;19.56180763244629
299;200;5;0.06967385341453317;0.22235794607810166;19.538681983947754;0.21013045740002181;19.61474323272705
